team1,team2,rating_prob1,rating_prob2,HOME_ML,home_odds_req,AWAY_ML,away_odds_req
STL,SFG,0.4668371523260168,0.5331628476739831,+110,131.3440553346919,-130,102.56475197243962
BOS,COL,0.6670599661643947,0.3329400338356053,-215,-161.53918523432782,+185,224.38273870461256
DET,ATL,0.3501542904602903,0.6498457095397097,+195,208.43546100214897,-230,-151.07270204008347
