team1,team2,rating_prob1,rating_prob2,HOME_ML,home_odds_req,AWAY_ML,away_odds_req
NYY,BOS,0.5733750219770889,0.4266249780229111,-120,-113.17543485808136,+100,153.14973469321825
ANA,SEA,0.5483693240883,0.4516306759117,-2100,-103.14854821872245,+1000,139.13344633196593
SFG,CHC,0.592574392125969,0.407425607874031,-425,-121.5722732973669,+320,165.07906698243613
COL,SDP,0.404502056746381,0.595497943253619,-185,166.9949341387774,+150,-122.90927044822436
MIL,OAK,0.659799267541726,0.340200732458274,NL,-157.02001842827445,NL,217.45963396256454
