team1,team2,rating_prob1,rating_prob2,HOME_ML,home_odds_req,AWAY_ML,away_odds_req
STL,SFG,0.5223371336903884,0.4776628663096116,-115,106.76301383545945,-105,126.10089169040943
MIN,MIL,0.5070082726111235,0.4929917273888765,-120,113.01427577067615,+100,119.07061315616885
NYM,NYY,0.5266041344900639,0.473395865509936,-165,105.08764160118415,+140,128.13887460479566
BOS,COL,0.5915343100195241,0.4084656899804759,-225,-121.10048303355099,+190,164.40409231228764
BAL,TOR,0.4634412180055501,0.5365587819944498,+105,133.03926324202484,-125,101.28269935038945
DET,ATL,0.3273451766657287,0.6726548233342713,+225,229.9269630304806,-265,-165.13140743194757
